410430141-8,Polly,Timofei,lacinia aenean,vivamus vestibulum sagittis sapien cum sociis natoque penatibus et magnis dis parturient montes nascetur ridiculus mus etiam vel augue vestibulum,hardware
807664455-0,Quinn,Kalindi,habitasse,nec condimentum neque sapien placerat ante nulla justo aliquam quis turpis eget elit,customer loyalty
557993945-0,Kerby,Roselin,nulla,sit amet nulla quisque arcu libero rutrum ac lobortis vel dapibus at diam nam tristique,interactive
594684502-0,Bobbi,Terrence,nulla,et ultrices posuere cubilia curae nulla dapibus dolor vel est donec odio justo sollicitudin ut suscipit a,collaboration
655043283-9,Noelani,Bartlett,adipiscing lorem,ipsum ac tellus semper interdum mauris ullamcorper purus sit amet nulla quisque arcu,structure
655147822-U,Erik,Adelind,ut blandit,turpis sed ante vivamus tortor duis mattis egestas metus aenean fermentum donec,clear-thinking
363816180-3,Bobbi,Sauveur,fusce congue,tincidunt in leo maecenas pulvinar lobortis est phasellus sit amet erat nulla tempus vivamus in felis eu sapien,global
733414486-4,Rouvin,Merla,turpis elementum,eleifend pede libero quis orci nullam molestie nibh in lectus pellentesque at nulla suspendisse potenti cras in purus,methodical
707251320-5,Carlota,Anna-diane,a,consequat varius integer ac leo pellentesque ultrices mattis odio donec vitae nisi nam ultrices,alliance
943723724-7,Lyon,Iorgos,ipsum,ac nibh fusce lacus purus aliquet at feugiat non pretium quis lectus suspendisse potenti in eleifend quam a odio in,object-oriented
203101291-6,Kane,Smith,vulputate,platea dictumst aliquam augue quam sollicitudin vitae consectetuer eget rutrum,Stand-alone
340558464-7,Heddi,Randa,sapien,et ultrices posuere cubilia curae donec pharetra magna vestibulum aliquet ultrices erat,multimedia
747359449-4,Dorothee,Ignacius,morbi odio,mi nulla ac enim in tempor turpis nec euismod scelerisque quam turpis adipiscing lorem vitae mattis nibh,pricing structure
655147822-B,Kerby,Otha,eleifend,integer ac leo pellentesque ultrices mattis odio donec vitae nisi nam ultrices libero non mattis pulvinar nulla pede ullamcorper augue,scalable
134857882-3,Adler,Zarah,rutrum rutrum,amet justo morbi ut odio cras mi pede malesuada in imperdiet et commodo vulputate,process improvement
983010744-2,Ginny,Coriss,in,ac neque duis bibendum morbi non quam nec dui luctus rutrum nulla tellus,transitional
733414486-H,Roland,Jayme,vestibulum proin,non interdum in ante vestibulum ante ipsum primis in faucibus orci luctus et,24/7
168604824-6,De,Mikol,dui,nascetur ridiculus mus etiam vel augue vestibulum rutrum rutrum neque aenean auctor,system-worthy
963688781-0,Justis,Marissa,venenatis,ipsum primis in faucibus orci luctus et ultrices posuere cubilia curae mauris viverra diam vitae quam,Ameliorated
744908247-0,Lauretta,Evy,nisi,velit eu est congue elementum in hac habitasse platea dictumst morbi vestibulum velit id pretium iaculis diam erat fermentum justo,Pre-emptive
488460647-7,Vincenz,Flory,congue risus,est lacinia nisi venenatis tristique fusce congue diam id ornare imperdiet sapien urna pretium nisl,Ameliorated
017806645-1,Elihu,Melva,erat,orci mauris lacinia sapien quis libero nullam sit amet turpis elementum ligula vehicula,radical
321453822-5,Erik,Lilian,magnis,vestibulum ante ipsum primis in faucibus orci luctus et ultrices posuere cubilia curae duis faucibus accumsan odio curabitur convallis duis,implementation
330355688-1,Evelin,Pattin,sagittis nam,accumsan tortor quis turpis sed ante vivamus tortor duis mattis egestas metus aenean,Grass-roots
978497919-5,Moe,Josi,morbi sem,primis in faucibus orci luctus et ultrices posuere cubilia curae mauris viverra diam,Face to face
212123565-5,Sidoney,Pavia,consectetuer eget,ante vivamus tortor duis mattis egestas metus aenean fermentum donec ut mauris eget massa tempor convallis nulla neque libero,Focused
403531290-8,Allene,Bernetta,posuere cubilia,a nibh in quis justo maecenas rhoncus aliquam lacus morbi quis tortor id nulla ultrices aliquet maecenas,global
807664455-S,Valeria,Garret,molestie,nulla integer pede justo lacinia eget tincidunt eget tempus vel pede morbi porttitor lorem id ligula suspendisse ornare consequat lectus,focus group
617735945-0,Maxwell,Rosanna,sit amet,nulla mollis molestie lorem quisque ut erat curabitur gravida nisi at nibh in hac habitasse,Configurable
015510014-9,Allene,Philippe,eleifend pede,orci vehicula condimentum curabitur in libero ut massa volutpat convallis morbi odio,disintermediate
135785155-3,Fraser,Thane,libero,mi sit amet lobortis sapien sapien non mi integer ac neque duis bibendum morbi non quam nec dui,matrices
340558464-J,Dilly,Stanton,amet,donec diam neque vestibulum eget vulputate ut ultrices vel augue vestibulum ante ipsum primis in faucibus orci luctus,Stand-alone
899530542-8,Ruben,Janifer,ac,nisi vulputate nonummy maecenas tincidunt lacus at velit vivamus vel nulla eget eros elementum pellentesque quisque,definition
198999409-1,Clemmie,Lynna,aliquet,faucibus orci luctus et ultrices posuere cubilia curae duis faucibus accumsan odio curabitur convallis duis consequat dui nec nisi,encoding
867472601-1,Gertrud,Hana,pellentesque,id consequat in consequat ut nulla sed accumsan felis ut at dolor quis odio consequat varius integer ac,framework
013318971-6,Lothaire,Abramo,vel,donec ut mauris eget massa tempor convallis nulla neque libero convallis eget eleifend luctus ultricies eu nibh quisque,Switchable
718885685-0,Roland,Jereme,et,curabitur at ipsum ac tellus semper interdum mauris ullamcorper purus sit amet nulla quisque arcu libero rutrum ac lobortis vel,national
458161761-8,Xylia,Vida,semper,proin risus praesent lectus vestibulum quam sapien varius ut blandit non interdum in ante vestibulum ante ipsum primis,next generation
481026404-1,Bobbi,L;urette,metus,ut odio cras mi pede malesuada in imperdiet et commodo vulputate,leverage
666114666-4,Tirrell,Reine,ullamcorper,tortor duis mattis egestas metus aenean fermentum donec ut mauris eget massa tempor convallis nulla neque libero convallis,well-modulated
031587896-7,Max,Demetra,lorem ipsum,id nulla ultrices aliquet maecenas leo odio condimentum id luctus nec molestie sed,eco-centric
134857882-E,Elfie,Nanon,eros viverra,nulla tellus in sagittis dui vel nisl duis ac nibh fusce lacus purus aliquet at feugiat,Intuitive
322754548-9,Erik,Yvon,justo pellentesque,aenean auctor gravida sem praesent id massa id nisl venenatis lacinia aenean sit amet justo morbi ut odio cras mi,background
322754548-G,Fraser,Tine,lorem id,lobortis est phasellus sit amet erat nulla tempus vivamus in felis eu sapien cursus vestibulum proin eu mi,moratorium
517671482-5,Kerry,Ermina,in,turpis a pede posuere nonummy integer non velit donec diam neque vestibulum eget vulputate ut ultrices vel,infrastructure
822046907-2,Myrle,Ruth,sapien,cum sociis natoque penatibus et magnis dis parturient montes nascetur ridiculus mus vivamus vestibulum sagittis sapien cum,leading edge
648047314-0,Justis,Prentiss,at diam,phasellus sit amet erat nulla tempus vivamus in felis eu sapien cursus vestibulum proin,Organic
867472601-F,Kelli,Ogden,libero convallis,sed justo pellentesque viverra pede ac diam cras pellentesque volutpat dui maecenas,Mandatory
845489216-8,Xylia,Rockey,justo eu,condimentum curabitur in libero ut massa volutpat convallis morbi odio odio elementum eu interdum eu tincidunt,system-worthy
666114666-D,Noble,Lukas,commodo,porta volutpat erat quisque erat eros viverra eget congue eget,Enhanced
572882468-4,Clemmie,Hedwiga,adipiscing,auctor sed tristique in tempus sit amet sem fusce consequat nulla nisl nunc nisl duis bibendum,open architecture
666114666-5,Clemmie,Sigmund,vel,at nibh in hac habitasse platea dictumst aliquam augue quam sollicitudin,benchmark
666114666-9,Kym,Augustine,ac consequat,consectetuer adipiscing elit proin interdum mauris non ligula pellentesque ultrices phasellus id sapien in,forecast
655147822-S,Dalton,Brandtr,sit,augue vestibulum ante ipsum primis in faucibus orci luctus et ultrices posuere cubilia curae donec pharetra magna,bi-directional
739142759-4,Kane,Say,blandit,malesuada in imperdiet et commodo vulputate justo in blandit ultrices enim lorem ipsum,Sharable
845489216-D,Lyon,Garrick,hac habitasse,proin leo odio porttitor id consequat in consequat ut nulla sed accumsan felis ut at dolor quis odio,utilisation
134857882-F,Zacharias,Allissa,porta,justo aliquam quis turpis eget elit sodales scelerisque mauris sit amet eros suspendisse,open architecture
707251320-V,Seward,Daune,ridiculus,orci luctus et ultrices posuere cubilia curae nulla dapibus dolor vel est,exuding
298719537-0,Gertrud,Sheelagh,placerat,mauris lacinia sapien quis libero nullam sit amet turpis elementum,firmware
212123565-J,Tirrell,Garv,lobortis vel,sapien quis libero nullam sit amet turpis elementum ligula vehicula consequat morbi a ipsum,Balanced
812747193-3,Bobbi,Yorgos,duis,volutpat sapien arcu sed augue aliquam erat volutpat in congue etiam justo etiam pretium iaculis justo in hac,executive
718885685-E,Jeanne,Bern,justo,hac habitasse platea dictumst etiam faucibus cursus urna ut tellus nulla ut,standardization
017806645-D,Tamara,Rodney,id lobortis,sit amet sem fusce consequat nulla nisl nunc nisl duis bibendum felis sed interdum,optimizing
744908247-C,Quinn,Marlowe,in est,fusce congue diam id ornare imperdiet sapien urna pretium nisl ut volutpat sapien arcu,secured line
053047693-2,Flossie,Sheryl,venenatis,curae duis faucibus accumsan odio curabitur convallis duis consequat dui nec nisi volutpat eleifend donec ut,client-server
744908247-J,Early,Susette,integer,vestibulum sed magna at nunc commodo placerat praesent blandit nam nulla integer pede justo,Secured
096948549-2,Fraser,Annmarie,est lacinia,eget massa tempor convallis nulla neque libero convallis eget eleifend luctus ultricies eu nibh quisque id justo,policy
718885685-D,Bobbi,Phil,ligula,turpis eget elit sodales scelerisque mauris sit amet eros suspendisse accumsan tortor quis,Graphical
557993945-E,Saxe,Yolane,mauris viverra,non ligula pellentesque ultrices phasellus id sapien in sapien iaculis congue vivamus,intranet
502916812-5,Rosalynd,Angelica,dis parturient,vivamus vel nulla eget eros elementum pellentesque quisque porta volutpat erat quisque erat eros viverra eget congue eget semper rutrum,object-oriented
