1,'123',Rouvin,678899879,guptaprav
2,'1234',ashish,67889987,mahesh
3,'k-234',suresh,6788909,ashishhi
4,'gupta',abhishek,098897978,guptabhishek
5,'jp123',jaono,98889987,jaonosaulou
6,'j134',saunpolo,978899878,saunpolo
7,'ketan',sumitra,79654865,ksumitra
8,'nerja',ashishj,698706856,shriashishj
9,'ashish123',mahajan,589760867,coolmahajan
10,'raj234',yogesh,7607596,rajshri
11,'raw4567',amitabh,6897907878,amitabhsingh
12,'pl234',kasur,0069667,kasurali
13,'aks234',animeshj,6070856978,animeshjji
14,'sun57',ashubh,895687987,cashubh
15,'lol345',mkola,69576887,alokmkola
16,'hiums',yaksh,6987958,yakshkola
17,'mon456',daksh,6948675,dakshacademy
18,'road098',aniket,14366264,singhaniket
19,'subhan',proto,895769787,prototype
20,'kolp9',aalo,958796879,aalokhaol
21,'lko90',paulo,6896979,paulonicxe
22,'abhishek',kota,68898978,kotano
23,'klao78',kola,698687998,kolamki
24,'nirala',nice,77098908,niceniutn
25,'ola678',cool,78969878,coolnahi
